season,team,w,l,winper,total_salary,start_year
1990-91,Portland Trail Blazers,63,19,0.7682926829268293,11215000,1990
1990-91,Chicago Bulls,61,21,0.7439024390243902,10040000,1990
1990-91,Los Angeles Lakers,58,24,0.7073170731707317,12120000,1990
1990-91,Boston Celtics,56,26,0.6829268292682927,11256000,1990
1990-91,Phoenix Suns,55,27,0.6707317073170732,11463000,1990
1990-91,San Antonio Spurs,55,27,0.6707317073170732,11057000,1990
1990-91,Utah Jazz,54,28,0.6585365853658537,10695000,1990
1990-91,Houston Rockets,52,30,0.6341463414634146,10500000,1990
1990-91,Detroit Pistons,50,32,0.6097560975609756,12910000,1990
1990-91,Milwaukee Bucks,48,34,0.5853658536585366,11595000,1990
1990-91,Golden State Warriors,44,38,0.5365853658536586,11150000,1990
1990-91,Philadelphia 76ers,44,38,0.5365853658536586,11640000,1990
1990-91,Atlanta Hawks,43,39,0.524390243902439,11761000,1990
1990-91,Indiana Pacers,41,41,0.5,10981000,1990
1990-91,Seattle SuperSonics,41,41,0.5,10590000,1990
1990-91,New York Knicks,39,43,0.47560975609756095,13290000,1990
1990-91,Cleveland Cavaliers,33,49,0.4024390243902439,14403000,1990
1990-91,Orlando Magic,31,51,0.3780487804878049,7532000,1990
1990-91,Los Angeles Clippers,31,51,0.3780487804878049,10245000,1990
1990-91,Washington Bullets,30,52,0.36585365853658536,9610000,1990
1990-91,Minnesota Timberwolves,29,53,0.35365853658536583,7540000,1990
1990-91,Dallas Mavericks,28,54,0.34146341463414637,11693000,1990
1990-91,New Jersey Nets,26,56,0.3170731707317073,11410000,1990
1990-91,Charlotte Hornets,26,56,0.3170731707317073,10417000,1990
1990-91,Sacramento Kings,25,57,0.3048780487804878,9605000,1990
1990-91,Miami Heat,24,58,0.2926829268292683,8510000,1990
1990-91,Denver Nuggets,20,62,0.24390243902439024,10335000,1990
1991-92,Chicago Bulls,67,15,0.8170731707317073,16829000,1991
1991-92,Portland Trail Blazers,57,25,0.6951219512195121,12742000,1991
1991-92,Cleveland Cavaliers,57,25,0.6951219512195121,16882000,1991
1991-92,Golden State Warriors,55,27,0.6707317073170732,12500000,1991
1991-92,Utah Jazz,55,27,0.6707317073170732,12761000,1991
1991-92,Phoenix Suns,53,29,0.6463414634146342,13593000,1991
1991-92,Boston Celtics,51,31,0.6219512195121951,25343000,1991
1991-92,New York Knicks,51,31,0.6219512195121951,12399000,1991
1991-92,Detroit Pistons,48,34,0.5853658536585366,15428000,1991
1991-92,Seattle SuperSonics,47,35,0.573170731707317,13308000,1991
1991-92,San Antonio Spurs,47,35,0.573170731707317,11587000,1991
1991-92,Los Angeles Clippers,45,37,0.5487804878048781,12976000,1991
1991-92,Los Angeles Lakers,43,39,0.524390243902439,15673000,1991
1991-92,Houston Rockets,42,40,0.5121951219512195,13274000,1991
1991-92,Indiana Pacers,40,42,0.4878048780487805,15090000,1991
1991-92,New Jersey Nets,40,42,0.4878048780487805,12598000,1991
1991-92,Atlanta Hawks,38,44,0.4634146341463415,12930000,1991
1991-92,Miami Heat,38,44,0.4634146341463415,11514000,1991
1991-92,Philadelphia 76ers,35,47,0.4268292682926829,14058000,1991
1991-92,Charlotte Hornets,31,51,0.3780487804878049,12625000,1991
1991-92,Milwaukee Bucks,31,51,0.3780487804878049,12451000,1991
1991-92,Sacramento Kings,29,53,0.35365853658536583,12492000,1991
1991-92,Washington Bullets,25,57,0.3048780487804878,12633000,1991
1991-92,Denver Nuggets,24,58,0.2926829268292683,11879000,1991
1991-92,Dallas Mavericks,22,60,0.2682926829268293,13004000,1991
1991-92,Orlando Magic,21,61,0.25609756097560976,12250000,1991
1991-92,Minnesota Timberwolves,15,67,0.18292682926829268,10763000,1991
1992-93,Phoenix Suns,62,20,0.7560975609756098,14280000,1992
1992-93,New York Knicks,60,22,0.7317073170731707,14001000,1992
1992-93,Chicago Bulls,57,25,0.6951219512195121,18536000,1992
1992-93,Seattle SuperSonics,55,27,0.6707317073170732,14033000,1992
1992-93,Houston Rockets,55,27,0.6707317073170732,15877000,1992
1992-93,Cleveland Cavaliers,54,28,0.6585365853658537,19676000,1992
1992-93,Portland Trail Blazers,51,31,0.6219512195121951,16369000,1992
1992-93,San Antonio Spurs,49,33,0.5975609756097561,18083000,1992
1992-93,Boston Celtics,48,34,0.5853658536585366,25217000,1992
1992-93,Utah Jazz,47,35,0.573170731707317,14517000,1992
1992-93,Charlotte Hornets,44,38,0.5365853658536586,14150000,1992
1992-93,Atlanta Hawks,43,39,0.524390243902439,18036000,1992
1992-93,New Jersey Nets,43,39,0.524390243902439,16314000,1992
1992-93,Indiana Pacers,41,41,0.5,16268000,1992
1992-93,Los Angeles Clippers,41,41,0.5,14288000,1992
1992-93,Orlando Magic,41,41,0.5,14970000,1992
1992-93,Detroit Pistons,40,42,0.4878048780487805,13954000,1992
1992-93,Los Angeles Lakers,39,43,0.47560975609756095,18851000,1992
1992-93,Denver Nuggets,36,46,0.4390243902439024,13776180,1992
1992-93,Miami Heat,36,46,0.4390243902439024,15125000,1992
1992-93,Golden State Warriors,34,48,0.4146341463414634,15473000,1992
1992-93,Milwaukee Bucks,28,54,0.34146341463414637,14032000,1992
1992-93,Philadelphia 76ers,26,56,0.3170731707317073,17367000,1992
1992-93,Sacramento Kings,25,57,0.3048780487804878,13953000,1992
1992-93,Washington Bullets,22,60,0.2682926829268293,17249000,1992
1992-93,Minnesota Timberwolves,19,63,0.23170731707317072,13732000,1992
1992-93,Dallas Mavericks,11,71,0.13414634146341464,10859000,1992
1993-94,Seattle SuperSonics,63,19,0.7682926829268293,15967000,1993
1993-94,Houston Rockets,58,24,0.7073170731707317,16757000,1993
1993-94,Atlanta Hawks,57,25,0.6951219512195121,22510000,1993
1993-94,New York Knicks,57,25,0.6951219512195121,22109000,1993
1993-94,Phoenix Suns,56,26,0.6829268292682927,21485000,1993
1993-94,San Antonio Spurs,55,27,0.6707317073170732,19316365,1993
1993-94,Chicago Bulls,55,27,0.6707317073170732,18531000,1993
1993-94,Utah Jazz,53,29,0.6463414634146342,16990000,1993
1993-94,Golden State Warriors,50,32,0.6097560975609756,19239000,1993
1993-94,Orlando Magic,50,32,0.6097560975609756,19939000,1993
1993-94,Portland Trail Blazers,47,35,0.573170731707317,23534000,1993
1993-94,Cleveland Cavaliers,47,35,0.573170731707317,23711000,1993
1993-94,Indiana Pacers,47,35,0.573170731707317,17196000,1993
1993-94,New Jersey Nets,45,37,0.5487804878048781,20107000,1993
1993-94,Miami Heat,42,40,0.5121951219512195,17811000,1993
1993-94,Denver Nuggets,42,40,0.5121951219512195,16110000,1993
1993-94,Charlotte Hornets,41,41,0.5,17952000,1993
1993-94,Los Angeles Lakers,33,49,0.4024390243902439,23478000,1993
1993-94,Boston Celtics,32,50,0.3902439024390244,17881000,1993
1993-94,Sacramento Kings,28,54,0.34146341463414637,15931000,1993
1993-94,Los Angeles Clippers,27,55,0.32926829268292684,20188000,1993
1993-94,Philadelphia 76ers,25,57,0.3048780487804878,15354000,1993
1993-94,Washington Bullets,24,58,0.2926829268292683,16240000,1993
1993-94,Milwaukee Bucks,20,62,0.24390243902439024,14889000,1993
1993-94,Detroit Pistons,20,62,0.24390243902439024,15826000,1993
1993-94,Minnesota Timberwolves,20,62,0.24390243902439024,15496000,1993
1993-94,Dallas Mavericks,13,69,0.15853658536585366,14321000,1993
1994-95,San Antonio Spurs,62,20,0.7560975609756098,22721982,1994
1994-95,Utah Jazz,60,22,0.7317073170731707,18315950,1994
1994-95,Phoenix Suns,59,23,0.7195121951219512,23170884,1994
1994-95,Orlando Magic,57,25,0.6951219512195121,29069916,1994
1994-95,Seattle SuperSonics,57,25,0.6951219512195121,24073500,1994
1994-95,New York Knicks,55,27,0.6707317073170732,25748900,1994
1994-95,Indiana Pacers,52,30,0.6341463414634146,24918500,1994
1994-95,Charlotte Hornets,50,32,0.6097560975609756,19346658,1994
1994-95,Los Angeles Lakers,48,34,0.5853658536585366,20158300,1994
1994-95,Houston Rockets,47,35,0.573170731707317,17578600,1994
1994-95,Chicago Bulls,47,35,0.573170731707317,21653129,1994
1994-95,Portland Trail Blazers,44,38,0.5365853658536586,26658000,1994
1994-95,Cleveland Cavaliers,43,39,0.524390243902439,28106000,1994
1994-95,Atlanta Hawks,42,40,0.5121951219512195,21869340,1994
1994-95,Denver Nuggets,41,41,0.5,19925500,1994
1994-95,Sacramento Kings,39,43,0.47560975609756095,20209000,1994
1994-95,Dallas Mavericks,36,46,0.4390243902439024,18053100,1994
1994-95,Boston Celtics,35,47,0.4268292682926829,21162000,1994
1994-95,Milwaukee Bucks,34,48,0.4146341463414634,16256960,1994
1994-95,Miami Heat,32,50,0.3902439024390244,20142000,1994
1994-95,New Jersey Nets,30,52,0.36585365853658536,23121800,1994
1994-95,Detroit Pistons,28,54,0.34146341463414637,14798700,1994
1994-95,Golden State Warriors,26,56,0.3170731707317073,19797300,1994
1994-95,Philadelphia 76ers,24,58,0.2926829268292683,19709510,1994
1994-95,Washington Bullets,21,61,0.25609756097560976,17049750,1994
1994-95,Minnesota Timberwolves,21,61,0.25609756097560976,17673260,1994
1994-95,Los Angeles Clippers,17,65,0.2073170731707317,17876700,1994
1995-96,Chicago Bulls,72,10,0.8780487804878049,23177000,1995
1995-96,Seattle SuperSonics,64,18,0.7804878048780488,25852000,1995
1995-96,Orlando Magic,60,22,0.7317073170731707,30397000,1995
1995-96,San Antonio Spurs,59,23,0.7195121951219512,25448000,1995
1995-96,Utah Jazz,55,27,0.6707317073170732,21111000,1995
1995-96,Los Angeles Lakers,53,29,0.6463414634146342,19783000,1995
1995-96,Indiana Pacers,52,30,0.6341463414634146,23499000,1995
1995-96,Houston Rockets,48,34,0.5853658536585366,24814000,1995
1995-96,New York Knicks,47,35,0.573170731707317,38577000,1995
1995-96,Cleveland Cavaliers,47,35,0.573170731707317,25730000,1995
1995-96,Atlanta Hawks,46,36,0.5609756097560976,21702000,1995
1995-96,Detroit Pistons,46,36,0.5609756097560976,23713000,1995
1995-96,Portland Trail Blazers,44,38,0.5365853658536586,23201000,1995
1995-96,Miami Heat,42,40,0.5121951219512195,20482000,1995
1995-96,Phoenix Suns,41,41,0.5,34925000,1995
1995-96,Charlotte Hornets,41,41,0.5,21829000,1995
1995-96,Washington Bullets,39,43,0.47560975609756095,21774000,1995
1995-96,Sacramento Kings,39,43,0.47560975609756095,24156000,1995
1995-96,Golden State Warriors,36,46,0.4390243902439024,22177000,1995
1995-96,Denver Nuggets,35,47,0.4268292682926829,19778000,1995
1995-96,Boston Celtics,33,49,0.4024390243902439,18229000,1995
1995-96,New Jersey Nets,30,52,0.36585365853658536,22555000,1995
1995-96,Los Angeles Clippers,29,53,0.35365853658536583,21150000,1995
1995-96,Dallas Mavericks,26,56,0.3170731707317073,21753000,1995
1995-96,Minnesota Timberwolves,26,56,0.3170731707317073,22192000,1995
1995-96,Milwaukee Bucks,25,57,0.3048780487804878,23011000,1995
1995-96,Toronto Raptors,21,61,0.25609756097560976,17205000,1995
1995-96,Philadelphia 76ers,18,64,0.2195121951219512,17408000,1995
1995-96,Vancouver Grizzlies,15,67,0.18292682926829268,17498000,1995
1996-97,Chicago Bulls,69,13,0.8414634146341463,58270000,1996
1996-97,Utah Jazz,64,18,0.7804878048780488,25267000,1996
1996-97,Miami Heat,61,21,0.7439024390243902,22421000,1996
1996-97,Seattle SuperSonics,57,25,0.6951219512195121,30301500,1996
1996-97,Houston Rockets,57,25,0.6951219512195121,26275000,1996
1996-97,New York Knicks,57,25,0.6951219512195121,25923500,1996
1996-97,Los Angeles Lakers,56,26,0.6829268292682927,28838500,1996
1996-97,Atlanta Hawks,56,26,0.6829268292682927,25806100,1996
1996-97,Charlotte Hornets,54,28,0.6585365853658537,20490500,1996
1996-97,Detroit Pistons,54,28,0.6585365853658537,26848500,1996
1996-97,Portland Trail Blazers,49,33,0.5975609756097561,24903500,1996
1996-97,Orlando Magic,45,37,0.5487804878048781,40149100,1996
1996-97,Washington Bullets,44,38,0.5365853658536586,34940000,1996
1996-97,Cleveland Cavaliers,42,40,0.5121951219512195,18867500,1996
1996-97,Phoenix Suns,40,42,0.4878048780487805,36140000,1996
1996-97,Minnesota Timberwolves,40,42,0.4878048780487805,24100500,1996
1996-97,Indiana Pacers,39,43,0.47560975609756095,39480000,1996
1996-97,Los Angeles Clippers,36,46,0.4390243902439024,23336500,1996
1996-97,Sacramento Kings,34,48,0.4146341463414634,27820200,1996
1996-97,Milwaukee Bucks,33,49,0.4024390243902439,24222500,1996
1996-97,Golden State Warriors,30,52,0.36585365853658536,30867000,1996
1996-97,Toronto Raptors,30,52,0.36585365853658536,18633900,1996
1996-97,New Jersey Nets,26,56,0.3170731707317073,25426600,1996
1996-97,Dallas Mavericks,24,58,0.2926829268292683,26107500,1996
1996-97,Philadelphia 76ers,22,60,0.2682926829268293,20369500,1996
1996-97,Denver Nuggets,21,61,0.25609756097560976,21243300,1996
1996-97,San Antonio Spurs,20,62,0.24390243902439024,30785500,1996
1996-97,Boston Celtics,15,67,0.18292682926829268,25853500,1996
1996-97,Vancouver Grizzlies,14,68,0.17073170731707318,15978000,1996
1997-98,Utah Jazz,62,20,0.7560975609756098,28505442,1997
1997-98,Chicago Bulls,62,20,0.7560975609756098,61330670,1997
1997-98,Los Angeles Lakers,61,21,0.7439024390243902,36304583,1997
1997-98,Seattle SuperSonics,61,21,0.7439024390243902,37592175,1997
1997-98,Indiana Pacers,58,24,0.7073170731707317,39162273,1997
1997-98,Phoenix Suns,56,26,0.6829268292682927,36937876,1997
1997-98,San Antonio Spurs,56,26,0.6829268292682927,38846163,1997
1997-98,Miami Heat,55,27,0.6707317073170732,34641186,1997
1997-98,Charlotte Hornets,51,31,0.6219512195121951,27006013,1997
1997-98,Atlanta Hawks,50,32,0.6097560975609756,30133827,1997
1997-98,Cleveland Cavaliers,47,35,0.573170731707317,26677290,1997
1997-98,Portland Trail Blazers,46,36,0.5609756097560976,27786719,1997
1997-98,Minnesota Timberwolves,45,37,0.5487804878048781,27787780,1997
1997-98,New Jersey Nets,43,39,0.524390243902439,28504567,1997
1997-98,New York Knicks,43,39,0.524390243902439,53974881,1997
1997-98,Washington Wizards,42,40,0.5121951219512195,40718075,1997
1997-98,Houston Rockets,41,41,0.5,28086350,1997
1997-98,Orlando Magic,41,41,0.5,43954299,1997
1997-98,Detroit Pistons,37,45,0.4512195121951219,24876625,1997
1997-98,Boston Celtics,36,46,0.4390243902439024,26800500,1997
1997-98,Milwaukee Bucks,36,46,0.4390243902439024,25919828,1997
1997-98,Philadelphia 76ers,31,51,0.3780487804878049,28620520,1997
1997-98,Sacramento Kings,27,55,0.32926829268292684,29546350,1997
1997-98,Dallas Mavericks,20,62,0.24390243902439024,27268948,1997
1997-98,Vancouver Grizzlies,19,63,0.23170731707317072,25637110,1997
1997-98,Golden State Warriors,19,63,0.23170731707317072,32856469,1997
1997-98,Los Angeles Clippers,17,65,0.2073170731707317,24493625,1997
1997-98,Toronto Raptors,16,66,0.1951219512195122,24748905,1997
1997-98,Denver Nuggets,11,71,0.13414634146341464,26518960,1997
1998-99,Utah Jazz,37,13,0.74,30298560,1998
1998-99,San Antonio Spurs,37,13,0.74,43681143,1998
1998-99,Portland Trail Blazers,35,15,0.7,54725500,1998
1998-99,Indiana Pacers,33,17,0.66,45401500,1998
1998-99,Orlando Magic,33,17,0.66,46118000,1998
1998-99,Miami Heat,33,17,0.66,42844000,1998
1998-99,Los Angeles Lakers,31,19,0.62,41872000,1998
1998-99,Houston Rockets,31,19,0.62,30297100,1998
1998-99,Atlanta Hawks,31,19,0.62,40954940,1998
1998-99,Detroit Pistons,29,21,0.58,34699620,1998
1998-99,Milwaukee Bucks,28,22,0.56,33703240,1998
1998-99,Philadelphia 76ers,28,22,0.56,41509920,1998
1998-99,Sacramento Kings,27,23,0.54,31692000,1998
1998-99,Phoenix Suns,27,23,0.54,36101500,1998
1998-99,New York Knicks,27,23,0.54,59945400,1998
1998-99,Charlotte Hornets,26,24,0.52,29914500,1998
1998-99,Seattle SuperSonics,25,25,0.5,30413082,1998
1998-99,Minnesota Timberwolves,25,25,0.5,32331480,1998
1998-99,Toronto Raptors,23,27,0.46,34368500,1998
1998-99,Cleveland Cavaliers,22,28,0.44,27778000,1998
1998-99,Golden State Warriors,21,29,0.42,30985000,1998
1998-99,Boston Celtics,19,31,0.38,32258856,1998
1998-99,Dallas Mavericks,19,31,0.38,35565568,1998
1998-99,Washington Wizards,18,32,0.36,34018500,1998
1998-99,New Jersey Nets,16,34,0.32,43735000,1998
1998-99,Denver Nuggets,14,36,0.28,29392200,1998
1998-99,Chicago Bulls,13,37,0.26,28640500,1998
1998-99,Los Angeles Clippers,9,41,0.18,28417580,1998
1998-99,Vancouver Grizzlies,8,42,0.16,33635800,1998
1999-00,Los Angeles Lakers,67,15,0.8170731707317073,55018533,1999
1999-00,Portland Trail Blazers,59,23,0.7195121951219512,73898705,1999
1999-00,Indiana Pacers,56,26,0.6829268292682927,54988605,1999
1999-00,Utah Jazz,55,27,0.6707317073170732,50348426,1999
1999-00,Phoenix Suns,53,29,0.6463414634146342,46544037,1999
1999-00,San Antonio Spurs,53,29,0.6463414634146342,42529801,1999
1999-00,Miami Heat,52,30,0.6341463414634146,52496573,1999
1999-00,Minnesota Timberwolves,50,32,0.6097560975609756,42642272,1999
1999-00,New York Knicks,50,32,0.6097560975609756,72288001,1999
1999-00,Charlotte Hornets,49,33,0.5975609756097561,38619012,1999
1999-00,Philadelphia 76ers,49,33,0.5975609756097561,43890593,1999
1999-00,Seattle SuperSonics,45,37,0.5487804878048781,38258910,1999
1999-00,Toronto Raptors,45,37,0.5487804878048781,34730320,1999
1999-00,Sacramento Kings,44,38,0.5365853658536586,40113125,1999
1999-00,Detroit Pistons,42,40,0.5121951219512195,42141801,1999
1999-00,Milwaukee Bucks,42,40,0.5121951219512195,44680197,1999
1999-00,Orlando Magic,41,41,0.5,41586801,1999
1999-00,Dallas Mavericks,40,42,0.4878048780487805,40014500,1999
1999-00,Boston Celtics,35,47,0.4268292682926829,46152875,1999
1999-00,Denver Nuggets,35,47,0.4268292682926829,43205814,1999
1999-00,Houston Rockets,34,48,0.4146341463414634,52269367,1999
1999-00,Cleveland Cavaliers,32,50,0.3902439024390244,46547966,1999
1999-00,New Jersey Nets,31,51,0.3780487804878049,53245461,1999
1999-00,Washington Wizards,29,53,0.35365853658536583,53194441,1999
1999-00,Atlanta Hawks,28,54,0.34146341463414637,44169202,1999
1999-00,Vancouver Grizzlies,22,60,0.2682926829268293,37432688,1999
1999-00,Golden State Warriors,19,63,0.23170731707317072,36133518,1999
1999-00,Chicago Bulls,17,65,0.2073170731707317,27032368,1999
1999-00,Los Angeles Clippers,15,67,0.18292682926829268,22489343,1999
2000-01,San Antonio Spurs,58,24,0.7073170731707317,57215938,2000
2000-01,Los Angeles Lakers,56,26,0.6829268292682927,58968213,2000
2000-01,Philadelphia 76ers,56,26,0.6829268292682927,51085458,2000
2000-01,Sacramento Kings,55,27,0.6707317073170732,46266289,2000
2000-01,Dallas Mavericks,53,29,0.6463414634146342,51445574,2000
2000-01,Utah Jazz,53,29,0.6463414634146342,53893860,2000
2000-01,Milwaukee Bucks,52,30,0.6341463414634146,57819318,2000
2000-01,Phoenix Suns,51,31,0.6219512195121951,53906347,2000
2000-01,Portland Trail Blazers,50,32,0.6097560975609756,87395140,2000
2000-01,Miami Heat,50,32,0.6097560975609756,73472329,2000
2000-01,New York Knicks,48,34,0.5853658536585366,74007738,2000
2000-01,Toronto Raptors,47,35,0.573170731707317,38313749,2000
2000-01,Minnesota Timberwolves,47,35,0.573170731707317,47488500,2000
2000-01,Charlotte Hornets,46,36,0.5609756097560976,46441558,2000
2000-01,Houston Rockets,45,37,0.5487804878048781,49283309,2000
2000-01,Seattle SuperSonics,44,38,0.5365853658536586,51538658,2000
2000-01,Orlando Magic,43,39,0.524390243902439,37459860,2000
2000-01,Indiana Pacers,41,41,0.5,55086140,2000
2000-01,Denver Nuggets,40,42,0.4878048780487805,52189220,2000
2000-01,Boston Celtics,36,46,0.4390243902439024,51478707,2000
2000-01,Detroit Pistons,32,50,0.3902439024390244,40475338,2000
2000-01,Los Angeles Clippers,31,51,0.3780487804878049,29606189,2000
2000-01,Cleveland Cavaliers,30,52,0.36585365853658536,49780549,2000
2000-01,New Jersey Nets,26,56,0.3170731707317073,68977578,2000
2000-01,Atlanta Hawks,25,57,0.3048780487804878,39297129,2000
2000-01,Vancouver Grizzlies,23,59,0.2804878048780488,48899840,2000
2000-01,Washington Wizards,19,63,0.23170731707317072,59085969,2000
2000-01,Golden State Warriors,17,65,0.2073170731707317,42363018,2000
2000-01,Chicago Bulls,15,67,0.18292682926829268,29691907,2000
2001-02,Sacramento Kings,61,21,0.7439024390243902,54921012,2001
2001-02,Los Angeles Lakers,58,24,0.7073170731707317,54262017,2001
2001-02,San Antonio Spurs,58,24,0.7073170731707317,45844814,2001
2001-02,Dallas Mavericks,57,25,0.6951219512195121,57960080,2001
2001-02,New Jersey Nets,52,30,0.6341463414634146,75193712,2001
2001-02,Minnesota Timberwolves,50,32,0.6097560975609756,55093782,2001
2001-02,Detroit Pistons,50,32,0.6097560975609756,42417677,2001
2001-02,Portland Trail Blazers,49,33,0.5975609756097561,84292850,2001
2001-02,Boston Celtics,49,33,0.5975609756097561,47515677,2001
2001-02,Seattle SuperSonics,45,37,0.5487804878048781,45556733,2001
2001-02,Orlando Magic,44,38,0.5365853658536586,45984001,2001
2001-02,Utah Jazz,44,38,0.5365853658536586,52642362,2001
2001-02,Charlotte Hornets,44,38,0.5365853658536586,49999445,2001
2001-02,Philadelphia 76ers,43,39,0.524390243902439,58073366,2001
2001-02,Indiana Pacers,42,40,0.5121951219512195,53398621,2001
2001-02,Toronto Raptors,42,40,0.5121951219512195,52657161,2001
2001-02,Milwaukee Bucks,41,41,0.5,56224266,2001
2001-02,Los Angeles Clippers,39,43,0.47560975609756095,33849932,2001
2001-02,Washington Wizards,37,45,0.4512195121951219,54776087,2001
2001-02,Phoenix Suns,36,46,0.4390243902439024,56596369,2001
2001-02,Miami Heat,36,46,0.4390243902439024,53351186,2001
2001-02,Atlanta Hawks,33,49,0.4024390243902439,51525207,2001
2001-02,New York Knicks,30,52,0.36585365853658536,85993039,2001
2001-02,Cleveland Cavaliers,29,53,0.35365853658536583,45649974,2001
2001-02,Houston Rockets,28,54,0.34146341463414637,49168169,2001
2001-02,Denver Nuggets,27,55,0.32926829268292684,54460475,2001
2001-02,Memphis Grizzlies,23,59,0.2804878048780488,50920631,2001
2001-02,Golden State Warriors,21,61,0.25609756097560976,47681152,2001
2001-02,Chicago Bulls,21,61,0.25609756097560976,42592857,2001
2002-03,Dallas Mavericks,60,22,0.7317073170731707,72940316,2002
2002-03,San Antonio Spurs,60,22,0.7317073170731707,53182559,2002
2002-03,Sacramento Kings,59,23,0.7195121951219512,70416596,2002
2002-03,Minnesota Timberwolves,51,31,0.6219512195121951,59518801,2002
2002-03,Los Angeles Lakers,50,32,0.6097560975609756,63151182,2002
2002-03,Portland Trail Blazers,50,32,0.6097560975609756,105595657,2002
2002-03,Detroit Pistons,50,32,0.6097560975609756,47777888,2002
2002-03,New Jersey Nets,49,33,0.5975609756097561,60412919,2002
2002-03,Philadelphia 76ers,48,34,0.5853658536585366,64822487,2002
2002-03,Indiana Pacers,48,34,0.5853658536585366,53472323,2002
2002-03,Utah Jazz,47,35,0.573170731707317,50934629,2002
2002-03,New Orleans Hornets,47,35,0.573170731707317,44458882,2002
2002-03,Phoenix Suns,44,38,0.5365853658536586,55225080,2002
2002-03,Boston Celtics,44,38,0.5365853658536586,52548195,2002
2002-03,Houston Rockets,43,39,0.524390243902439,50181239,2002
2002-03,Milwaukee Bucks,42,40,0.5121951219512195,57995152,2002
2002-03,Orlando Magic,42,40,0.5121951219512195,50435346,2002
2002-03,Seattle SuperSonics,40,42,0.4878048780487805,53167479,2002
2002-03,Golden State Warriors,38,44,0.4634146341463415,47737715,2002
2002-03,New York Knicks,37,45,0.4512195121951219,93452379,2002
2002-03,Washington Wizards,37,45,0.4512195121951219,46691190,2002
2002-03,Atlanta Hawks,35,47,0.4268292682926829,55711549,2002
2002-03,Chicago Bulls,30,52,0.36585365853658536,44531095,2002
2002-03,Memphis Grizzlies,28,54,0.34146341463414637,61009172,2002
2002-03,Los Angeles Clippers,27,55,0.32926829268292684,42955777,2002
2002-03,Miami Heat,25,57,0.3048780487804878,57378326,2002
2002-03,Toronto Raptors,24,58,0.2926829268292683,55408207,2002
2002-03,Cleveland Cavaliers,17,65,0.2073170731707317,49610448,2002
2002-03,Denver Nuggets,17,65,0.2073170731707317,49109209,2002
2003-04,Indiana Pacers,61,21,0.7439024390243902,58156236,2003
2003-04,Minnesota Timberwolves,58,24,0.7073170731707317,71272042,2003
2003-04,San Antonio Spurs,57,25,0.6951219512195121,46464064,2003
2003-04,Los Angeles Lakers,56,26,0.6829268292682927,64123085,2003
2003-04,Sacramento Kings,55,27,0.6707317073170732,68372826,2003
2003-04,Detroit Pistons,54,28,0.6585365853658537,53442834,2003
2003-04,Dallas Mavericks,52,30,0.6341463414634146,79536723,2003
2003-04,Memphis Grizzlies,50,32,0.6097560975609756,58176928,2003
2003-04,New Jersey Nets,47,35,0.573170731707317,63697123,2003
2003-04,Houston Rockets,45,37,0.5487804878048781,55401430,2003
2003-04,Denver Nuggets,43,39,0.524390243902439,39398646,2003
2003-04,Miami Heat,42,40,0.5121951219512195,47349374,2003
2003-04,Utah Jazz,42,40,0.5121951219512195,34747674,2003
2003-04,Milwaukee Bucks,41,41,0.5,53229826,2003
2003-04,New Orleans Hornets,41,41,0.5,49800204,2003
2003-04,Portland Trail Blazers,41,41,0.5,82956768,2003
2003-04,New York Knicks,39,43,0.47560975609756095,89444820,2003
2003-04,Seattle SuperSonics,37,45,0.4512195121951219,52347476,2003
2003-04,Golden State Warriors,37,45,0.4512195121951219,53376708,2003
2003-04,Boston Celtics,36,46,0.4390243902439024,60185915,2003
2003-04,Cleveland Cavaliers,35,47,0.4268292682926829,46186472,2003
2003-04,Philadelphia 76ers,33,49,0.4024390243902439,60411079,2003
2003-04,Toronto Raptors,33,49,0.4024390243902439,63033243,2003
2003-04,Phoenix Suns,29,53,0.35365853658536583,66931770,2003
2003-04,Los Angeles Clippers,28,54,0.34146341463414637,39114363,2003
2003-04,Atlanta Hawks,28,54,0.34146341463414637,64497340,2003
2003-04,Washington Wizards,25,57,0.3048780487804878,45682902,2003
2003-04,Chicago Bulls,23,59,0.2804878048780488,55489797,2003
2003-04,Orlando Magic,21,61,0.25609756097560976,50588419,2003
2004-05,Phoenix Suns,62,20,0.7560975609756098,44598682,2004
2004-05,Miami Heat,59,23,0.7195121951219512,59523529,2004
2004-05,San Antonio Spurs,59,23,0.7195121951219512,47504123,2004
2004-05,Dallas Mavericks,58,24,0.7073170731707317,91908443,2004
2004-05,Detroit Pistons,54,28,0.6585365853658537,54762481,2004
2004-05,Seattle SuperSonics,52,30,0.6341463414634146,53821301,2004
2004-05,Houston Rockets,51,31,0.6219512195121951,60284303,2004
2004-05,Sacramento Kings,50,32,0.6097560975609756,61807688,2004
2004-05,Denver Nuggets,49,33,0.5975609756097561,46101759,2004
2004-05,Chicago Bulls,47,35,0.573170731707317,57276129,2004
2004-05,Boston Celtics,45,37,0.5487804878048781,64577356,2004
2004-05,Washington Wizards,45,37,0.5487804878048781,49797050,2004
2004-05,Memphis Grizzlies,45,37,0.5487804878048781,67010830,2004
2004-05,Minnesota Timberwolves,44,38,0.5365853658536586,70123411,2004
2004-05,Indiana Pacers,44,38,0.5365853658536586,66064780,2004
2004-05,Philadelphia 76ers,43,39,0.524390243902439,71951878,2004
2004-05,Cleveland Cavaliers,42,40,0.5121951219512195,49175274,2004
2004-05,New Jersey Nets,42,40,0.5121951219512195,54983980,2004
2004-05,Los Angeles Clippers,37,45,0.4512195121951219,45483265,2004
2004-05,Orlando Magic,36,46,0.4390243902439024,66445249,2004
2004-05,Los Angeles Lakers,34,48,0.4146341463414634,65059098,2004
2004-05,Golden State Warriors,34,48,0.4146341463414634,54943723,2004
2004-05,Toronto Raptors,33,49,0.4024390243902439,61703775,2004
2004-05,New York Knicks,33,49,0.4024390243902439,102567539,2004
2004-05,Milwaukee Bucks,30,52,0.36585365853658536,57448246,2004
2004-05,Portland Trail Blazers,27,55,0.32926829268292684,83671309,2004
2004-05,Utah Jazz,26,56,0.3170731707317073,43515760,2004
2004-05,Charlotte Bobcats,18,64,0.2195121951219512,23922578,2004
2004-05,New Orleans Hornets,18,64,0.2195121951219512,56572882,2004
2004-05,Atlanta Hawks,13,69,0.15853658536585366,41059616,2004
2005-06,Detroit Pistons,64,18,0.7804878048780488,59619275,2005
2005-06,San Antonio Spurs,63,19,0.7682926829268293,63570274,2005
2005-06,Dallas Mavericks,60,22,0.7317073170731707,98454832,2005
2005-06,Phoenix Suns,54,28,0.6585365853658537,53626924,2005
2005-06,Miami Heat,52,30,0.6341463414634146,60732452,2005
2005-06,Cleveland Cavaliers,50,32,0.6097560975609756,51303962,2005
2005-06,New Jersey Nets,49,33,0.5975609756097561,66449350,2005
2005-06,Memphis Grizzlies,49,33,0.5975609756097561,67525538,2005
2005-06,Los Angeles Clippers,47,35,0.573170731707317,51358645,2005
2005-06,Los Angeles Lakers,45,37,0.5487804878048781,72917945,2005
2005-06,Denver Nuggets,44,38,0.5365853658536586,56492172,2005
2005-06,Sacramento Kings,44,38,0.5365853658536586,62811975,2005
2005-06,Washington Wizards,42,40,0.5121951219512195,54555947,2005
2005-06,Chicago Bulls,41,41,0.5,57166530,2005
2005-06,Indiana Pacers,41,41,0.5,78791779,2005
2005-06,Utah Jazz,41,41,0.5,57372902,2005
2005-06,Milwaukee Bucks,40,42,0.4878048780487805,63022514,2005
2005-06,Philadelphia 76ers,38,44,0.4634146341463415,84807300,2005
2005-06,New Orleans/Oklahoma City Hornets,38,44,0.4634146341463415,41277617,2005
2005-06,Orlando Magic,36,46,0.4390243902439024,75784782,2005
2005-06,Seattle SuperSonics,35,47,0.4268292682926829,49253379,2005
2005-06,Golden State Warriors,34,48,0.4146341463414634,57114566,2005
2005-06,Houston Rockets,34,48,0.4146341463414634,69257404,2005
2005-06,Boston Celtics,33,49,0.4024390243902439,56907300,2005
2005-06,Minnesota Timberwolves,33,49,0.4024390243902439,61830186,2005
2005-06,Toronto Raptors,27,55,0.32926829268292684,62411884,2005
2005-06,Atlanta Hawks,26,56,0.3170731707317073,42944553,2005
2005-06,Charlotte Bobcats,26,56,0.3170731707317073,33458932,2005
2005-06,New York Knicks,23,59,0.2804878048780488,126631098,2005
2005-06,Portland Trail Blazers,21,61,0.25609756097560976,60017964,2005
2006-07,Dallas Mavericks,67,15,0.8170731707317073,88531846,2006
2006-07,Phoenix Suns,61,21,0.7439024390243902,65841120,2006
2006-07,San Antonio Spurs,58,24,0.7073170731707317,65654320,2006
2006-07,Detroit Pistons,53,29,0.6463414634146342,59010951,2006
2006-07,Houston Rockets,52,30,0.6341463414634146,63837566,2006
2006-07,Utah Jazz,51,31,0.6219512195121951,62364364,2006
2006-07,Cleveland Cavaliers,50,32,0.6097560975609756,62992729,2006
2006-07,Chicago Bulls,49,33,0.5975609756097561,54754904,2006
2006-07,Toronto Raptors,47,35,0.573170731707317,51015491,2006
2006-07,Denver Nuggets,45,37,0.5487804878048781,65517776,2006
2006-07,Miami Heat,44,38,0.5365853658536586,64416312,2006
2006-07,Golden State Warriors,42,40,0.5121951219512195,65012368,2006
2006-07,Los Angeles Lakers,42,40,0.5121951219512195,77099949,2006
2006-07,Washington Wizards,41,41,0.5,62733705,2006
2006-07,New Jersey Nets,41,41,0.5,64486110,2006
2006-07,Los Angeles Clippers,40,42,0.4878048780487805,59181038,2006
2006-07,Orlando Magic,40,42,0.4878048780487805,61447108,2006
2006-07,New Orleans/Oklahoma City Hornets,39,43,0.47560975609756095,53748991,2006
2006-07,Indiana Pacers,35,47,0.4268292682926829,63118965,2006
2006-07,Philadelphia 76ers,35,47,0.4268292682926829,69140163,2006
2006-07,Sacramento Kings,33,49,0.4024390243902439,64296611,2006
2006-07,New York Knicks,33,49,0.4024390243902439,117350866,2006
2006-07,Charlotte Bobcats,33,49,0.4024390243902439,41964046,2006
2006-07,Minnesota Timberwolves,32,50,0.3902439024390244,66820673,2006
2006-07,Portland Trail Blazers,32,50,0.3902439024390244,75026386,2006
2006-07,Seattle SuperSonics,31,51,0.3780487804878049,56986831,2006
2006-07,Atlanta Hawks,30,52,0.36585365853658536,48581972,2006
2006-07,Milwaukee Bucks,28,54,0.34146341463414637,63498518,2006
2006-07,Boston Celtics,24,58,0.2926829268292683,62981479,2006
2006-07,Memphis Grizzlies,22,60,0.2682926829268293,61960489,2006
2007-08,Boston Celtics,66,16,0.8048780487804879,74509455,2007
2007-08,Detroit Pistons,59,23,0.7195121951219512,65898875,2007
2007-08,Los Angeles Lakers,57,25,0.6951219512195121,72626796,2007
2007-08,New Orleans Hornets,56,26,0.6829268292682927,62609991,2007
2007-08,San Antonio Spurs,56,26,0.6829268292682927,70048523,2007
2007-08,Phoenix Suns,55,27,0.6707317073170732,71323049,2007
2007-08,Houston Rockets,55,27,0.6707317073170732,69894114,2007
2007-08,Utah Jazz,54,28,0.6585365853658537,64959089,2007
2007-08,Orlando Magic,52,30,0.6341463414634146,58165973,2007
2007-08,Dallas Mavericks,51,31,0.6219512195121951,101694879,2007
2007-08,Denver Nuggets,50,32,0.6097560975609756,82958227,2007
2007-08,Golden State Warriors,48,34,0.5853658536585366,62148303,2007
2007-08,Cleveland Cavaliers,45,37,0.5487804878048781,82217583,2007
2007-08,Washington Wizards,43,39,0.524390243902439,65278996,2007
2007-08,Toronto Raptors,41,41,0.5,66042375,2007
2007-08,Portland Trail Blazers,41,41,0.5,73241335,2007
2007-08,Philadelphia 76ers,40,42,0.4878048780487805,74038229,2007
2007-08,Sacramento Kings,38,44,0.4634146341463415,63403225,2007
2007-08,Atlanta Hawks,37,45,0.4512195121951219,55501133,2007
2007-08,Indiana Pacers,36,46,0.4390243902439024,66260246,2007
2007-08,New Jersey Nets,34,48,0.4146341463414634,61836211,2007
2007-08,Chicago Bulls,33,49,0.4024390243902439,63084166,2007
2007-08,Charlotte Bobcats,32,50,0.3902439024390244,53745468,2007
2007-08,Milwaukee Bucks,26,56,0.3170731707317073,62571522,2007
2007-08,New York Knicks,23,59,0.2804878048780488,96190114,2007
2007-08,Los Angeles Clippers,23,59,0.2804878048780488,64847945,2007
2007-08,Memphis Grizzlies,22,60,0.2682926829268293,54118526,2007
2007-08,Minnesota Timberwolves,22,60,0.2682926829268293,69043895,2007
2007-08,Seattle SuperSonics,20,62,0.24390243902439024,60861388,2007
2007-08,Miami Heat,15,67,0.18292682926829268,74767603,2007
2008-09,Cleveland Cavaliers,66,16,0.8048780487804879,91298233,2008
2008-09,Los Angeles Lakers,65,17,0.7926829268292683,78245793,2008
2008-09,Boston Celtics,62,20,0.7560975609756098,79188973,2008
2008-09,Orlando Magic,59,23,0.7195121951219512,69672979,2008
2008-09,Denver Nuggets,54,28,0.6585365853658537,70121003,2008
2008-09,Portland Trail Blazers,54,28,0.6585365853658537,80260059,2008
2008-09,San Antonio Spurs,54,28,0.6585365853658537,68020487,2008
2008-09,Houston Rockets,53,29,0.6463414634146342,73302272,2008
2008-09,Dallas Mavericks,50,32,0.6097560975609756,95045559,2008
2008-09,New Orleans Hornets,49,33,0.5975609756097561,67530808,2008
2008-09,Utah Jazz,48,34,0.5853658536585366,65841407,2008
2008-09,Atlanta Hawks,47,35,0.573170731707317,68168841,2008
2008-09,Phoenix Suns,46,36,0.5609756097560976,76130408,2008
2008-09,Miami Heat,43,39,0.524390243902439,70297059,2008
2008-09,Chicago Bulls,41,41,0.5,68126774,2008
2008-09,Philadelphia 76ers,41,41,0.5,68301007,2008
2008-09,Detroit Pistons,39,43,0.47560975609756095,71434174,2008
2008-09,Indiana Pacers,36,46,0.4390243902439024,69668818,2008
2008-09,Charlotte Bobcats,35,47,0.4268292682926829,62866926,2008
2008-09,Milwaukee Bucks,34,48,0.4146341463414634,71360656,2008
2008-09,New Jersey Nets,34,48,0.4146341463414634,62666523,2008
2008-09,Toronto Raptors,33,49,0.4024390243902439,73446970,2008
2008-09,New York Knicks,32,50,0.3902439024390244,96643646,2008
2008-09,Golden State Warriors,29,53,0.35365853658536583,67416431,2008
2008-09,Minnesota Timberwolves,24,58,0.2926829268292683,66445144,2008
2008-09,Memphis Grizzlies,24,58,0.2926829268292683,55958148,2008
2008-09,Oklahoma City Thunder,23,59,0.2804878048780488,68341605,2008
2008-09,Washington Wizards,19,63,0.23170731707317072,70743317,2008
2008-09,Los Angeles Clippers,19,63,0.23170731707317072,62764206,2008
2008-09,Sacramento Kings,17,65,0.2073170731707317,69204512,2008
2009-10,Cleveland Cavaliers,61,21,0.7439024390243902,83398534,2009
2009-10,Orlando Magic,59,23,0.7195121951219512,82200916,2009
2009-10,Los Angeles Lakers,57,25,0.6951219512195121,91378064,2009
2009-10,Dallas Mavericks,55,27,0.6707317073170732,88916075,2009
2009-10,Phoenix Suns,54,28,0.6585365853658537,75288544,2009
2009-10,Denver Nuggets,53,29,0.6463414634146342,74935538,2009
2009-10,Utah Jazz,53,29,0.6463414634146342,71905244,2009
2009-10,Atlanta Hawks,53,29,0.6463414634146342,65883642,2009
2009-10,Oklahoma City Thunder,50,32,0.6097560975609756,58438646,2009
2009-10,San Antonio Spurs,50,32,0.6097560975609756,79338309,2009
2009-10,Boston Celtics,50,32,0.6097560975609756,83552174,2009
2009-10,Portland Trail Blazers,50,32,0.6097560975609756,56946258,2009
2009-10,Miami Heat,47,35,0.573170731707317,74208013,2009
2009-10,Milwaukee Bucks,46,36,0.5609756097560976,66775602,2009
2009-10,Charlotte Bobcats,44,38,0.5365853658536586,68681758,2009
2009-10,Houston Rockets,42,40,0.5121951219512195,68914971,2009
2009-10,Chicago Bulls,41,41,0.5,69700359,2009
2009-10,Toronto Raptors,40,42,0.4878048780487805,67822433,2009
2009-10,Memphis Grizzlies,40,42,0.4878048780487805,57287474,2009
2009-10,New Orleans Hornets,37,45,0.4512195121951219,70163827,2009
2009-10,Indiana Pacers,32,50,0.3902439024390244,66733257,2009
2009-10,New York Knicks,29,53,0.35365853658536583,85710076,2009
2009-10,Los Angeles Clippers,29,53,0.35365853658536583,61616409,2009
2009-10,Philadelphia 76ers,27,55,0.32926829268292684,64883448,2009
2009-10,Detroit Pistons,27,55,0.32926829268292684,60185833,2009
2009-10,Golden State Warriors,26,56,0.3170731707317073,65352372,2009
2009-10,Washington Wizards,26,56,0.3170731707317073,73440274,2009
2009-10,Sacramento Kings,25,57,0.3048780487804878,67515718,2009
2009-10,Minnesota Timberwolves,15,67,0.18292682926829268,62253360,2009
2009-10,New Jersey Nets,12,70,0.14634146341463414,59366715,2009
2010-11,Chicago Bulls,62,20,0.7560975609756098,54538076,2010
2010-11,San Antonio Spurs,61,21,0.7439024390243902,69522311,2010
2010-11,Miami Heat,58,24,0.7073170731707317,66205855,2010
2010-11,Los Angeles Lakers,57,25,0.6951219512195121,91428140,2010
2010-11,Dallas Mavericks,57,25,0.6951219512195121,85409890,2010
2010-11,Boston Celtics,56,26,0.6829268292682927,82045867,2010
2010-11,Oklahoma City Thunder,55,27,0.6707317073170732,55922488,2010
2010-11,Orlando Magic,52,30,0.6341463414634146,90770804,2010
2010-11,Denver Nuggets,50,32,0.6097560975609756,68019290,2010
2010-11,Portland Trail Blazers,48,34,0.5853658536585366,74584058,2010
2010-11,Memphis Grizzlies,46,36,0.5609756097560976,70241344,2010
2010-11,New Orleans Hornets,46,36,0.5609756097560976,68230729,2010
2010-11,Atlanta Hawks,44,38,0.5365853658536586,71469843,2010
2010-11,Houston Rockets,43,39,0.524390243902439,72315654,2010
2010-11,New York Knicks,42,40,0.5121951219512195,67016562,2010
2010-11,Philadelphia 76ers,41,41,0.5,68915246,2010
2010-11,Phoenix Suns,40,42,0.4878048780487805,65979054,2010
2010-11,Utah Jazz,39,43,0.47560975609756095,75855296,2010
2010-11,Indiana Pacers,37,45,0.4512195121951219,65088630,2010
2010-11,Golden State Warriors,36,46,0.4390243902439024,68415336,2010
2010-11,Milwaukee Bucks,35,47,0.4268292682926829,69076690,2010
2010-11,Charlotte Bobcats,34,48,0.4146341463414634,66542696,2010
2010-11,Los Angeles Clippers,32,50,0.3902439024390244,53225329,2010
2010-11,Detroit Pistons,30,52,0.36585365853658536,65517821,2010
2010-11,Sacramento Kings,24,58,0.2926829268292683,45268465,2010
2010-11,New Jersey Nets,24,58,0.2926829268292683,58495989,2010
2010-11,Washington Wizards,23,59,0.2804878048780488,58324988,2010
2010-11,Toronto Raptors,22,60,0.2682926829268293,69992648,2010
2010-11,Cleveland Cavaliers,19,63,0.23170731707317072,53990021,2010
2010-11,Minnesota Timberwolves,17,65,0.2073170731707317,53461123,2010
2011-12,San Antonio Spurs,50,16,0.7575757575757576,73732762,2011
2011-12,Chicago Bulls,50,16,0.7575757575757576,69548447,2011
2011-12,Oklahoma City Thunder,47,19,0.7121212121212122,59501709,2011
2011-12,Miami Heat,46,20,0.696969696969697,74117458,2011
2011-12,Indiana Pacers,42,24,0.6363636363636364,51554083,2011
2011-12,Los Angeles Lakers,41,25,0.6212121212121212,88264478,2011
2011-12,Memphis Grizzlies,41,25,0.6212121212121212,70940349,2011
2011-12,Los Angeles Clippers,40,26,0.6060606060606061,67333389,2011
2011-12,Atlanta Hawks,40,26,0.6060606060606061,73669912,2011
2011-12,Boston Celtics,39,27,0.5909090909090909,79820530,2011
2011-12,Denver Nuggets,38,28,0.5757575757575758,58553173,2011
2011-12,Orlando Magic,37,29,0.5606060606060606,86962825,2011
2011-12,Utah Jazz,36,30,0.5454545454545454,56948761,2011
2011-12,New York Knicks,36,30,0.5454545454545454,76208092,2011
2011-12,Dallas Mavericks,36,30,0.5454545454545454,74463409,2011
2011-12,Philadelphia 76ers,35,31,0.5303030303030303,66672368,2011
2011-12,Houston Rockets,34,32,0.5151515151515151,57021755,2011
2011-12,Phoenix Suns,33,33,0.5,66340576,2011
2011-12,Milwaukee Bucks,31,35,0.4696969696969697,60192388,2011
2011-12,Portland Trail Blazers,28,38,0.42424242424242425,79568536,2011
2011-12,Minnesota Timberwolves,26,40,0.3939393939393939,56844339,2011
2011-12,Detroit Pistons,25,41,0.3787878787878788,70923605,2011
2011-12,Golden State Warriors,23,43,0.3484848484848485,61576901,2011
2011-12,Toronto Raptors,23,43,0.3484848484848485,55063049,2011
2011-12,Sacramento Kings,22,44,0.3333333333333333,48950236,2011
2011-12,New Jersey Nets,22,44,0.3333333333333333,65281235,2011
2011-12,Cleveland Cavaliers,21,45,0.3181818181818182,64875599,2011
2011-12,New Orleans Hornets,21,45,0.3181818181818182,65441008,2011
2011-12,Washington Wizards,20,46,0.30303030303030304,55386345,2011
2011-12,Charlotte Bobcats,7,59,0.10606060606060606,57902024,2011
2012-13,Miami Heat,66,16,0.8048780487804879,81558311,2012
2012-13,Oklahoma City Thunder,60,22,0.7317073170731707,67863244,2012
2012-13,San Antonio Spurs,58,24,0.7073170731707317,69787704,2012
2012-13,Denver Nuggets,57,25,0.6951219512195121,68566062,2012
2012-13,Los Angeles Clippers,56,26,0.6829268292682927,74354449,2012
2012-13,Memphis Grizzlies,56,26,0.6829268292682927,62954838,2012
2012-13,New York Knicks,54,28,0.6585365853658537,77970893,2012
2012-13,Indiana Pacers,49,32,0.6049382716049383,66687960,2012
2012-13,Brooklyn Nets,49,33,0.5975609756097561,84290205,2012
2012-13,Golden State Warriors,47,35,0.573170731707317,69695346,2012
2012-13,Houston Rockets,45,37,0.5487804878048781,57323787,2012
2012-13,Los Angeles Lakers,45,37,0.5487804878048781,100451593,2012
2012-13,Chicago Bulls,45,37,0.5487804878048781,75627699,2012
2012-13,Atlanta Hawks,44,38,0.5365853658536586,66768365,2012
2012-13,Utah Jazz,43,39,0.524390243902439,64717649,2012
2012-13,Boston Celtics,41,40,0.5061728395061729,73021989,2012
2012-13,Dallas Mavericks,41,41,0.5,67399169,2012
2012-13,Milwaukee Bucks,38,44,0.4634146341463415,62476395,2012
2012-13,Toronto Raptors,34,48,0.4146341463414634,66974563,2012
2012-13,Philadelphia 76ers,34,48,0.4146341463414634,84032270,2012
2012-13,Portland Trail Blazers,33,49,0.4024390243902439,73656857,2012
2012-13,Minnesota Timberwolves,31,51,0.3780487804878049,69001896,2012
2012-13,Detroit Pistons,29,53,0.35365853658536583,63057497,2012
2012-13,Washington Wizards,29,53,0.35365853658536583,66343388,2012
2012-13,Sacramento Kings,28,54,0.34146341463414637,54317436,2012
2012-13,New Orleans Hornets,27,55,0.32926829268292684,63901224,2012
2012-13,Phoenix Suns,25,57,0.3048780487804878,60844774,2012
2012-13,Cleveland Cavaliers,24,58,0.2926829268292683,68428583,2012
2012-13,Charlotte Bobcats,21,61,0.25609756097560976,57491899,2012
2012-13,Orlando Magic,20,62,0.24390243902439024,87114818,2012
2013-14,San Antonio Spurs,62,20,0.7560975609756098,63666028,2013
2013-14,Oklahoma City Thunder,59,23,0.7195121951219512,71181364,2013
2013-14,Los Angeles Clippers,57,25,0.6951219512195121,73103861,2013
2013-14,Indiana Pacers,56,26,0.6829268292682927,55015196,2013
2013-14,Houston Rockets,54,28,0.6585365853658537,63413126,2013
2013-14,Portland Trail Blazers,54,28,0.6585365853658537,61539586,2013
2013-14,Miami Heat,54,28,0.6585365853658537,82218984,2013
2013-14,Golden State Warriors,51,31,0.6219512195121951,66764126,2013
2013-14,Memphis Grizzlies,50,32,0.6097560975609756,73789859,2013
2013-14,Dallas Mavericks,49,33,0.5975609756097561,67486257,2013
2013-14,Phoenix Suns,48,34,0.5853658536585366,64412586,2013
2013-14,Toronto Raptors,48,34,0.5853658536585366,53076014,2013
2013-14,Chicago Bulls,48,34,0.5853658536585366,85095835,2013
2013-14,Washington Wizards,44,38,0.5365853658536586,64064905,2013
2013-14,Brooklyn Nets,44,38,0.5365853658536586,102608995,2013
2013-14,Charlotte Bobcats,43,39,0.524390243902439,60819062,2013
2013-14,Minnesota Timberwolves,40,42,0.4878048780487805,67485845,2013
2013-14,Atlanta Hawks,38,44,0.4634146341463415,55131673,2013
2013-14,New York Knicks,37,45,0.4512195121951219,88890427,2013
2013-14,Denver Nuggets,36,46,0.4390243902439024,67324401,2013
2013-14,New Orleans Pelicans,34,48,0.4146341463414634,62186089,2013
2013-14,Cleveland Cavaliers,33,49,0.4024390243902439,47050404,2013
2013-14,Detroit Pistons,29,53,0.35365853658536583,59157073,2013
2013-14,Sacramento Kings,28,54,0.34146341463414637,78765372,2013
2013-14,Los Angeles Lakers,27,55,0.32926829268292684,76755609,2013
2013-14,Boston Celtics,25,57,0.3048780487804878,63769609,2013
2013-14,Utah Jazz,25,57,0.3048780487804878,54491476,2013
2013-14,Orlando Magic,23,59,0.2804878048780488,80664910,2013
2013-14,Philadelphia 76ers,19,63,0.23170731707317072,58945006,2013
2013-14,Milwaukee Bucks,15,67,0.18292682926829268,49175131,2013
2014-15,Golden State Warriors,67,15,0.8170731707317073,73623654,2014
2014-15,Atlanta Hawks,60,22,0.7317073170731707,58337671,2014
2014-15,Los Angeles Clippers,56,26,0.6829268292682927,80901123,2014
2014-15,Houston Rockets,56,26,0.6829268292682927,87299371,2014
2014-15,San Antonio Spurs,55,27,0.6707317073170732,69614583,2014
2014-15,Memphis Grizzlies,55,27,0.6707317073170732,75341226,2014
2014-15,Cleveland Cavaliers,53,29,0.6463414634146342,82038768,2014
2014-15,Portland Trail Blazers,51,31,0.6219512195121951,92220907,2014
2014-15,Dallas Mavericks,50,32,0.6097560975609756,83970065,2014
2014-15,Chicago Bulls,50,32,0.6097560975609756,NA,2014
2014-15,Toronto Raptors,49,33,0.5975609756097561,75562364,2014
2014-15,Washington Wizards,46,36,0.5609756097560976,83108421,2014
2014-15,Oklahoma City Thunder,45,37,0.5487804878048781,78791632,2014
2014-15,New Orleans Pelicans,45,37,0.5487804878048781,69390028,2014
2014-15,Milwaukee Bucks,41,41,0.5,61443341,2014
2014-15,Boston Celtics,40,42,0.4878048780487805,61092622,2014
2014-15,Phoenix Suns,39,43,0.47560975609756095,66503432,2014
2014-15,Brooklyn Nets,38,44,0.4634146341463415,91873492,2014
2014-15,Indiana Pacers,38,44,0.4634146341463415,75174324,2014
2014-15,Utah Jazz,38,44,0.4634146341463415,59061387,2014
2014-15,Miami Heat,37,45,0.4512195121951219,82351805,2014
2014-15,Charlotte Hornets,33,49,0.4024390243902439,75954458,2014
2014-15,Detroit Pistons,32,50,0.3902439024390244,66738182,2014
2014-15,Denver Nuggets,30,52,0.36585365853658536,56278056,2014
2014-15,Sacramento Kings,29,53,0.35365853658536583,73675912,2014
2014-15,Orlando Magic,25,57,0.3048780487804878,53338463,2014
2014-15,Los Angeles Lakers,21,61,0.25609756097560976,70914495,2014
2014-15,Philadelphia 76ers,18,64,0.2195121951219512,56455990,2014
2014-15,New York Knicks,17,65,0.2073170731707317,83022165,2014
2014-15,Minnesota Timberwolves,16,66,0.1951219512195122,64733364,2014
2015-16,Golden State Warriors,73,9,0.8902439024390244,93707197,2015
2015-16,San Antonio Spurs,67,15,0.8170731707317073,87365099,2015
2015-16,Cleveland Cavaliers,57,25,0.6951219512195121,105962520,2015
2015-16,Toronto Raptors,56,26,0.6829268292682927,71934665,2015
2015-16,Oklahoma City Thunder,55,27,0.6707317073170732,94622660,2015
2015-16,Los Angeles Clippers,53,29,0.6463414634146342,95585714,2015
2015-16,Boston Celtics,48,34,0.5853658536585366,77202316,2015
2015-16,Charlotte Hornets,48,34,0.5853658536585366,77609865,2015
2015-16,Atlanta Hawks,48,34,0.5853658536585366,71453126,2015
2015-16,Miami Heat,48,34,0.5853658536585366,85826352,2015
2015-16,Indiana Pacers,45,37,0.5487804878048781,71286088,2015
2015-16,Portland Trail Blazers,44,38,0.5365853658536586,61000674,2015
2015-16,Detroit Pistons,44,38,0.5365853658536586,76638790,2015
2015-16,Dallas Mavericks,42,40,0.5121951219512195,74040317,2015
2015-16,Chicago Bulls,42,40,0.5121951219512195,85385898,2015
2015-16,Memphis Grizzlies,42,40,0.5121951219512195,83200551,2015
2015-16,Houston Rockets,41,41,0.5,90188412,2015
2015-16,Washington Wizards,41,41,0.5,84237317,2015
2015-16,Utah Jazz,40,42,0.4878048780487805,64783884,2015
2015-16,Orlando Magic,35,47,0.4268292682926829,63349656,2015
2015-16,Sacramento Kings,33,49,0.4024390243902439,71840771,2015
2015-16,Denver Nuggets,33,49,0.4024390243902439,72606354,2015
2015-16,Milwaukee Bucks,33,49,0.4024390243902439,70993573,2015
2015-16,New York Knicks,32,50,0.3902439024390244,75311181,2015
2015-16,New Orleans Pelicans,30,52,0.36585365853658536,84384711,2015
2015-16,Minnesota Timberwolves,29,53,0.35365853658536583,72458417,2015
2015-16,Phoenix Suns,23,59,0.2804878048780488,69701209,2015
2015-16,Brooklyn Nets,21,61,0.25609756097560976,83831503,2015
2015-16,Los Angeles Lakers,17,65,0.2073170731707317,72415125,2015
2015-16,Philadelphia 76ers,10,72,0.12195121951219512,63646397,2015
2016-17,Golden State Warriors,67,15,0.8170731707317073,101725589,2016
2016-17,San Antonio Spurs,61,21,0.7439024390243902,108640621,2016
2016-17,Houston Rockets,55,27,0.6707317073170732,90498298,2016
2016-17,Boston Celtics,53,29,0.6463414634146342,93465328,2016
2016-17,Cleveland Cavaliers,51,31,0.6219512195121951,127254579,2016
2016-17,Los Angeles Clippers,51,31,0.6219512195121951,116237541,2016
2016-17,Toronto Raptors,51,31,0.6219512195121951,108664969,2016
2016-17,Utah Jazz,51,31,0.6219512195121951,80598193,2016
2016-17,Washington Wizards,49,33,0.5975609756097561,102334382,2016
2016-17,Oklahoma City Thunder,47,35,0.573170731707317,91339949,2016
2016-17,Atlanta Hawks,43,39,0.524390243902439,96007250,2016
2016-17,Memphis Grizzlies,43,39,0.524390243902439,111209189,2016
2016-17,Indiana Pacers,42,40,0.5121951219512195,94008504,2016
2016-17,Milwaukee Bucks,42,40,0.5121951219512195,106512121,2016
2016-17,Portland Trail Blazers,41,41,0.5,111872768,2016
2016-17,Miami Heat,41,41,0.5,101818405,2016
2016-17,Chicago Bulls,41,41,0.5,92571387,2016
2016-17,Denver Nuggets,40,42,0.4878048780487805,82573997,2016
2016-17,Detroit Pistons,37,45,0.4512195121951219,108968495,2016
2016-17,Charlotte Hornets,36,46,0.4390243902439024,90175926,2016
2016-17,New Orleans Pelicans,34,48,0.4146341463414634,101707386,2016
2016-17,Dallas Mavericks,33,49,0.4024390243902439,103994075,2016
2016-17,Sacramento Kings,32,50,0.3902439024390244,96043092,2016
2016-17,Minnesota Timberwolves,31,51,0.3780487804878049,81621379,2016
2016-17,New York Knicks,31,51,0.3780487804878049,103595894,2016
2016-17,Orlando Magic,29,53,0.35365853658536583,104110336,2016
2016-17,Philadelphia 76ers,28,54,0.34146341463414637,85674275,2016
2016-17,Los Angeles Lakers,26,56,0.3170731707317073,95226183,2016
2016-17,Phoenix Suns,24,58,0.2926829268292683,85115778,2016
2016-17,Brooklyn Nets,20,62,0.24390243902439024,84083139,2016
2017-18,Houston Rockets,65,17,0.7926829268292683,118271480,2017
2017-18,Toronto Raptors,59,23,0.7195121951219512,116574876,2017
2017-18,Golden State Warriors,58,24,0.7073170731707317,135371746,2017
2017-18,Boston Celtics,55,27,0.6707317073170732,115075693,2017
2017-18,Philadelphia 76ers,52,30,0.6341463414634146,100223563,2017
2017-18,Cleveland Cavaliers,50,32,0.6097560975609756,137912382,2017
2017-18,Portland Trail Blazers,49,33,0.5975609756097561,119265264,2017
2017-18,New Orleans Pelicans,48,34,0.5853658536585366,118896488,2017
2017-18,Oklahoma City Thunder,48,34,0.5853658536585366,133777615,2017
2017-18,Indiana Pacers,48,34,0.5853658536585366,93669385,2017
2017-18,Utah Jazz,48,34,0.5853658536585366,106140633,2017
2017-18,Minnesota Timberwolves,47,35,0.573170731707317,105179926,2017
2017-18,San Antonio Spurs,47,35,0.573170731707317,116153554,2017
2017-18,Denver Nuggets,46,36,0.5609756097560976,107015203,2017
2017-18,Milwaukee Bucks,44,38,0.5365853658536586,115375243,2017
2017-18,Miami Heat,44,38,0.5365853658536586,129458084,2017
2017-18,Washington Wizards,43,39,0.524390243902439,124030914,2017
2017-18,Los Angeles Clippers,42,40,0.5121951219512195,119178226,2017
2017-18,Detroit Pistons,39,43,0.47560975609756095,118897722,2017
2017-18,Charlotte Hornets,36,46,0.4390243902439024,117228164,2017
2017-18,Los Angeles Lakers,35,47,0.4268292682926829,102260522,2017
2017-18,New York Knicks,29,53,0.35365853658536583,104405157,2017
2017-18,Brooklyn Nets,28,54,0.34146341463414637,95964560,2017
2017-18,Chicago Bulls,27,55,0.32926829268292684,90183960,2017
2017-18,Sacramento Kings,27,55,0.32926829268292684,95682824,2017
2017-18,Orlando Magic,25,57,0.3048780487804878,95538311,2017
2017-18,Atlanta Hawks,24,58,0.2926829268292683,99701094,2017
2017-18,Dallas Mavericks,24,58,0.2926829268292683,86136236,2017
2017-18,Memphis Grizzlies,22,60,0.2682926829268293,110735427,2017
2017-18,Phoenix Suns,21,61,0.25609756097560976,92518634,2017
2018-19,Milwaukee Bucks,60,22,0.7317073170731707,125890474,2018
2018-19,Toronto Raptors,58,24,0.7073170731707317,136242478,2018
2018-19,Golden State Warriors,57,25,0.6951219512195121,146186409,2018
2018-19,Denver Nuggets,54,28,0.6585365853658537,117304721,2018
2018-19,Portland Trail Blazers,53,29,0.6463414634146342,132512467,2018
2018-19,Houston Rockets,53,29,0.6463414634146342,124810135,2018
2018-19,Philadelphia 76ers,51,31,0.6219512195121951,112942947,2018
2018-19,Utah Jazz,50,32,0.6097560975609756,111744016,2018
2018-19,Oklahoma City Thunder,49,33,0.5975609756097561,143896557,2018
2018-19,Boston Celtics,49,33,0.5975609756097561,125541941,2018
2018-19,Los Angeles Clippers,48,34,0.5853658536585366,118370702,2018
2018-19,San Antonio Spurs,48,34,0.5853658536585366,122398215,2018
2018-19,Indiana Pacers,48,34,0.5853658536585366,110804431,2018
2018-19,Brooklyn Nets,42,40,0.5121951219512195,118271871,2018
2018-19,Orlando Magic,42,40,0.5121951219512195,114566809,2018
2018-19,Detroit Pistons,41,41,0.5,125244035,2018
2018-19,Sacramento Kings,39,43,0.47560975609756095,103537060,2018
2018-19,Charlotte Hornets,39,43,0.47560975609756095,122327044,2018
2018-19,Miami Heat,39,43,0.47560975609756095,151716389,2018
2018-19,Los Angeles Lakers,37,45,0.4512195121951219,107275731,2018
2018-19,Minnesota Timberwolves,36,46,0.4390243902439024,121968101,2018
2018-19,New Orleans Pelicans,33,49,0.4024390243902439,114806900,2018
2018-19,Dallas Mavericks,33,49,0.4024390243902439,88351669,2018
2018-19,Memphis Grizzlies,33,49,0.4024390243902439,124877079,2018
2018-19,Washington Wizards,32,50,0.3902439024390244,124396126,2018
2018-19,Atlanta Hawks,29,53,0.35365853658536583,107076435,2018
2018-19,Chicago Bulls,22,60,0.2682926829268293,112898444,2018
2018-19,Phoenix Suns,19,63,0.23170731707317072,109405766,2018
2018-19,Cleveland Cavaliers,19,63,0.23170731707317072,124623504,2018
2018-19,New York Knicks,17,65,0.2073170731707317,123388448,2018
2019-20,Milwaukee Bucks,56,17,0.7671232876712328,135025925,2019
2019-20,Toronto Raptors,53,19,0.7361111111111112,123454360,2019
2019-20,Los Angeles Lakers,52,19,0.7323943661971831,125433839,2019
2019-20,Los Angeles Clippers,49,23,0.6805555555555556,133941896,2019
2019-20,Boston Celtics,48,24,0.6666666666666666,118647447,2019
2019-20,Denver Nuggets,46,27,0.6301369863013698,129543322,2019
2019-20,Indiana Pacers,45,28,0.6164383561643836,114208526,2019
2019-20,Houston Rockets,44,28,0.6111111111111112,131293343,2019
2019-20,Utah Jazz,44,28,0.6111111111111112,121149425,2019
2019-20,Oklahoma City Thunder,44,28,0.6111111111111112,133820365,2019
2019-20,Miami Heat,44,29,0.6027397260273972,133841792,2019
2019-20,Philadelphia 76ers,43,30,0.589041095890411,131997240,2019
2019-20,Dallas Mavericks,43,32,0.5733333333333334,121989876,2019
2019-20,Brooklyn Nets,35,37,0.4861111111111111,126998206,2019
2019-20,Portland Trail Blazers,35,39,0.47297297297297297,137375608,2019
2019-20,Phoenix Suns,34,39,0.4657534246575342,121137310,2019
2019-20,Memphis Grizzlies,34,39,0.4657534246575342,128874901,2019
2019-20,Orlando Magic,33,40,0.4520547945205479,133294669,2019
2019-20,San Antonio Spurs,32,39,0.4507042253521127,123395102,2019
2019-20,Sacramento Kings,31,41,0.4305555555555556,117679921,2019
2019-20,New Orleans Pelicans,30,42,0.4166666666666667,115039161,2019
2019-20,Charlotte Hornets,23,42,0.35384615384615387,122632035,2019
2019-20,Washington Wizards,25,47,0.3472222222222222,131687877,2019
2019-20,Chicago Bulls,22,43,0.3384615384615385,116208743,2019
2019-20,New York Knicks,21,45,0.3181818181818182,111355759,2019
2019-20,Detroit Pistons,20,46,0.30303030303030304,131207223,2019
2019-20,Atlanta Hawks,20,47,0.29850746268656714,113286744,2019
2019-20,Minnesota Timberwolves,19,45,0.296875,132085645,2019
2019-20,Cleveland Cavaliers,19,46,0.2923076923076923,130681714,2019
2019-20,Golden State Warriors,15,50,0.2307692307692308,131527930,2019
2020-21,Utah Jazz,52,20,0.7222222222222222,136374336,2020
2020-21,Phoenix Suns,51,21,0.7083333333333334,128554848,2020
2020-21,Philadelphia 76ers,49,23,0.6805555555555556,147240833,2020
2020-21,Brooklyn Nets,48,24,0.6666666666666666,168872334,2020
2020-21,Denver Nuggets,47,25,0.6527777777777778,128708761,2020
2020-21,Los Angeles Clippers,47,25,0.6527777777777778,139268178,2020
2020-21,Milwaukee Bucks,46,26,0.6388888888888888,131606829,2020
2020-21,Portland Trail Blazers,42,30,0.5833333333333334,131408685,2020
2020-21,Dallas Mavericks,42,30,0.5833333333333334,126609593,2020
2020-21,Los Angeles Lakers,42,30,0.5833333333333334,138949061,2020
2020-21,Atlanta Hawks,41,31,0.5694444444444444,115748809,2020
2020-21,New York Knicks,41,31,0.5694444444444444,100968503,2020
2020-21,Miami Heat,40,32,0.5555555555555556,133423387,2020
2020-21,Golden State Warriors,39,33,0.5416666666666666,170046348,2020
2020-21,Memphis Grizzlies,38,34,0.5277777777777778,131081450,2020
2020-21,Boston Celtics,36,36,0.5,130767745,2020
2020-21,Washington Wizards,34,38,0.4722222222222222,130371932,2020
2020-21,Indiana Pacers,34,38,0.4722222222222222,129268035,2020
2020-21,San Antonio Spurs,33,39,0.4583333333333333,128746873,2020
2020-21,Charlotte Hornets,33,39,0.4583333333333333,107320579,2020
2020-21,New Orleans Pelicans,31,41,0.4305555555555556,132814677,2020
2020-21,Sacramento Kings,31,41,0.4305555555555556,105646948,2020
2020-21,Chicago Bulls,31,41,0.4305555555555556,127968089,2020
2020-21,Toronto Raptors,27,45,0.375,128143636,2020
2020-21,Minnesota Timberwolves,23,49,0.3194444444444444,129665063,2020
2020-21,Oklahoma City Thunder,22,50,0.3055555555555556,95196515,2020
2020-21,Cleveland Cavaliers,22,50,0.3055555555555556,127189068,2020
2020-21,Orlando Magic,21,51,0.2916666666666667,115155768,2020
2020-21,Detroit Pistons,20,52,0.2777777777777778,115007448,2020
2020-21,Houston Rockets,17,55,0.2361111111111111,128857281,2020
